<beans xmlns="http://www.springframework.org/schema/beans" xmlns:xsi="http://www.w3.org/2001/XMLSchema-instance"  
    xmlns:context="http://www.springframework.org/schema/context"   
    xmlns:jdbc="http://www.springframework.org/schema/jdbc"    
    xmlns:jee="http://www.springframework.org/schema/jee"   
    xmlns:tx="http://www.springframework.org/schema/tx"  
    xmlns:jpa="http://www.springframework.org/schema/data/jpa"  
    xsi:schemaLocation="  
        http://www.springframework.org/schema/beans http://www.springframework.org/schema/beans/spring-beans-3.2.xsd  
        http://www.springframework.org/schema/context http://www.springframework.org/schema/context/spring-context-3.2.xsd  
        http://www.springframework.org/schema/jdbc http://www.springframework.org/schema/jdbc/spring-jdbc-3.2.xsd  
        http://www.springframework.org/schema/jee http://www.springframework.org/schema/jee/spring-jee-3.2.xsd  
        http://www.springframework.org/schema/tx http://www.springframework.org/schema/tx/spring-tx-3.2.xsd  
        http://www.springframework.org/schema/data/jpa http://www.springframework.org/schema/data/jpa/spring-jpa.xsd"  
    default-lazy-init="true">

    <!--第一步-->
    <!--定义服务层代码存放的包扫描路径-->
	<context:component-scan base-package="com.proj.version2.service" />

    <!--第二步-->
    <!--定义实体的工厂bean-->
    <bean id="entityManagerFactory" class="org.springframework.orm.jpa.LocalContainerEntityManagerFactoryBean">
        <property name="persistenceUnitName" value="proj2PU" />
        <property name="persistenceXmlLocation" value="classpath:persistence.xml"></property>
    </bean>

    <!--第三步-->
    <!--定义事务管理器-->
    <bean id="transactionManager" class="org.springframework.orm.jpa.JpaTransactionManager">
        <property name="entityManagerFactory" ref="entityManagerFactory"/>
    </bean>

    <!--第四步-->
    <!--定义repository接口的存放目录-->
    <!--定义接口实现的后缀，通常用Impl-->
    <!--定义实体工厂的引用-->
    <!--定义事务管理器的引用-->
   	<jpa:repositories base-package="com.proj.version2.repository"
   					  repository-impl-postfix="Impl" 
   					  entity-manager-factory-ref="entityManagerFactory" 
   					  transaction-manager-ref="transactionManager"/>


    <!--第五步-->
    <!--声明采用注解的方式申明事务-->
    <tx:annotation-driven transaction-manager="transactionManager"/>




</beans>